<!-- C++ Language Configuration-->

<Configuration Language="CPP">
<KeyWords>
<KeyWord>asm</KeyWord>
<KeyWord>do</KeyWord>
<KeyWord>if</KeyWord>
<KeyWord>return</KeyWord>
<KeyWord>typedef</KeyWord>
<KeyWord>auto</KeyWord>
<KeyWord>double</KeyWord>
<KeyWord>inline</KeyWord>
<KeyWord>short</KeyWord>
<KeyWord>typeid</KeyWord>
<KeyWord>bool</KeyWord>
<KeyWord>dynamic_cast</KeyWord>
<KeyWord>int</KeyWord>
<KeyWord>signed</KeyWord>
<KeyWord>typename</KeyWord>
<KeyWord>break</KeyWord>
<KeyWord>else</KeyWord>
<KeyWord>long</KeyWord>
<KeyWord>sizeof</KeyWord>
<KeyWord>union</KeyWord>
<KeyWord>case</KeyWord>
<KeyWord>enum</KeyWord>
<KeyWord>mutable</KeyWord>
<KeyWord>static</KeyWord>
<KeyWord>unsigned</KeyWord>
<KeyWord>catch</KeyWord>
<KeyWord>explicit</KeyWord>
<KeyWord>namespace</KeyWord>
<KeyWord>static_cast</KeyWord>
<KeyWord>using</KeyWord>
<KeyWord>char</KeyWord>
<KeyWord>export</KeyWord>
<KeyWord>new</KeyWord>
<KeyWord>struct</KeyWord>
<KeyWord>virtual</KeyWord>
<KeyWord>class</KeyWord>
<KeyWord>extern</KeyWord>
<KeyWord>operator</KeyWord>
<KeyWord>switch</KeyWord>
<KeyWord>void</KeyWord>
<KeyWord>const</KeyWord>
<KeyWord>false</KeyWord>
<KeyWord>private</KeyWord>
<KeyWord>template</KeyWord>
<KeyWord>volatile</KeyWord>
<KeyWord>const_cast</KeyWord>
<KeyWord>float</KeyWord>
<KeyWord>protected</KeyWord>
<KeyWord>this</KeyWord>
<KeyWord>wchar_t</KeyWord>
<KeyWord>continue</KeyWord>
<KeyWord>for</KeyWord>
<KeyWord>public</KeyWord>
<KeyWord>throw</KeyWord>
<KeyWord>while</KeyWord>
<KeyWord>default</KeyWord>
<KeyWord>friend</KeyWord>
<KeyWord>register</KeyWord>
<KeyWord>true</KeyWord>
<KeyWord>delete</KeyWord>
<KeyWord>goto</KeyWord>
<KeyWord>reinterpret_cast</KeyWord>
<KeyWord>try</KeyWord>
</KeyWords>
</Configuration>