<!-- C# Language Configuration-->
<Configuration Language="CSharp">
<KeyWords>
<KeyWord>abstract</KeyWord>
<KeyWord>as</KeyWord>
<KeyWord>base</KeyWord>
<KeyWord>bool</KeyWord>
<KeyWord>break</KeyWord>
<KeyWord>byte</KeyWord>
<KeyWord>case</KeyWord>
<KeyWord>catch</KeyWord>
<KeyWord>char</KeyWord>
<KeyWord>checked</KeyWord>
<KeyWord>class</KeyWord>
<KeyWord>const</KeyWord>
<KeyWord>continue</KeyWord>
<KeyWord>decimal</KeyWord>
<KeyWord>default</KeyWord>
<KeyWord>delegate</KeyWord>
<KeyWord>do</KeyWord>
<KeyWord>double</KeyWord>
<KeyWord>else</KeyWord>
<KeyWord>enum</KeyWord>
<KeyWord>ecent</KeyWord>
<KeyWord>explicit</KeyWord>
<KeyWord>extern</KeyWord>
<KeyWord>false</KeyWord>
<KeyWord>finally</KeyWord>
<KeyWord>fixed</KeyWord>
<KeyWord>float</KeyWord>
<KeyWord>for</KeyWord>
<KeyWord>foreach</KeyWord>
<KeyWord>get</KeyWord>
<KeyWord>goto</KeyWord>
<KeyWord>if</KeyWord>
<KeyWord>implicit</KeyWord>
<KeyWord>in</KeyWord>
<KeyWord>int</KeyWord>
<KeyWord>interface</KeyWord>
<KeyWord>internal</KeyWord>
<KeyWord>is</KeyWord>
<KeyWord>lock</KeyWord>
<KeyWord>long</KeyWord>
<KeyWord>namespace</KeyWord>
<KeyWord>new</KeyWord>
<KeyWord>null</KeyWord>
<KeyWord>object</KeyWord>
<KeyWord>out</KeyWord>
<KeyWord>override</KeyWord>
<KeyWord>partial</KeyWord>
<KeyWord>private</KeyWord>
<KeyWord>protected</KeyWord>
<KeyWord>public</KeyWord>
<KeyWord>readonly</KeyWord>
<KeyWord>ref</KeyWord>
<KeyWord>return</KeyWord>
<KeyWord>sbyte</KeyWord>
<KeyWord>sealed</KeyWord>
<KeyWord>set</KeyWord>
<KeyWord>short</KeyWord>
<KeyWord>sizeof</KeyWord>
<KeyWord>stackalloc</KeyWord>
<KeyWord>static</KeyWord>
<KeyWord>string</KeyWord>
<KeyWord>struct</KeyWord>
<KeyWord>switch</KeyWord>
<KeyWord>this</KeyWord>
<KeyWord>throw</KeyWord>
<KeyWord>true</KeyWord>
<KeyWord>try</KeyWord>
<KeyWord>typeof</KeyWord>
<KeyWord>uint</KeyWord>
<KeyWord>ulong</KeyWord>
<KeyWord>unchecked</KeyWord>
<KeyWord>unsafe</KeyWord>
<KeyWord>ushort</KeyWord>
<KeyWord>using</KeyWord>
<KeyWord>value</KeyWord>
<KeyWord>virtual</KeyWord>
<KeyWord>volatile</KeyWord>
<KeyWord>volatile</KeyWord>
<KeyWord>void</KeyWord>
<KeyWord>where</KeyWord>
<KeyWord>while</KeyWord>
<KeyWord>yield</KeyWord>
</KeyWords>
</Configuration>